android_cpu,android_mem
25.103061594202902,1421551.1797101446
