android_cpu,android_mem
15.780000000000001,1411946.2428571428
