android_cpu,android_mem
21.9935623931624,1403367.8354814814
