android_cpu,android_mem
20.246545454545455,1419286.470909091
