android_cpu,android_mem
26.03525641025641,1419910.3275641026
