android_cpu,android_mem
10.670000000000002,1415206.2666666666
