android_cpu,android_mem
15.81515784047744,1477704.2258407972
